[
    {
        "ClassName": "SeekModeScript",
        "Super": "ScriptComponent",
        "FilePath": "lua/SeekModeScript.lua",
        "FileAbsPath": "/Users/bytedance/Movies/JianyingPro/User Data/Cache/effect/57947006/393225e92fe558f1b350b4cd408f5258/AmazingFeature_colorCorrection/lua/SeekModeScript.lua",
        "Properties": [
            {
                "VarName": "temperatureIntensity",
                "VarType": "Double",
                "Comment": "",
                "AnnoItems": [
                    {
                        "ItemType": "UI",
                        "Attributes": [
                            {
                                "AttrType": "Range",
                                "RawValue": "",
                                "Values": [
                                    -1.0,
                                    1.0
                                ]
                            },
                            {
                                "AttrType": "Drag",
                                "RawValue": "",
                                "Values": []
                            }
                        ]
                    }
                ]
            },
            {
                "VarName": "tintIntensity",
                "VarType": "Double",
                "Comment": "",
                "AnnoItems": [
                    {
                        "ItemType": "UI",
                        "Attributes": [
                            {
                                "AttrType": "Range",
                                "RawValue": "",
                                "Values": [
                                    -1.0,
                                    1.0
                                ]
                            },
                            {
                                "AttrType": "Drag",
                                "RawValue": "",
                                "Values": []
                            }
                        ]
                    }
                ]
            },
            {
                "VarName": "saturationIntensity",
                "VarType": "Double",
                "Comment": "",
                "AnnoItems": [
                    {
                        "ItemType": "UI",
                        "Attributes": [
                            {
                                "AttrType": "Range",
                                "RawValue": "",
                                "Values": [
                                    -1.0,
                                    1.0
                                ]
                            },
                            {
                                "AttrType": "Drag",
                                "RawValue": "",
                                "Values": []
                            }
                        ]
                    }
                ]
            },
            {
                "VarName": "brightnessIntensity",
                "VarType": "Double",
                "Comment": "",
                "AnnoItems": [
                    {
                        "ItemType": "UI",
                        "Attributes": [
                            {
                                "AttrType": "Range",
                                "RawValue": "",
                                "Values": [
                                    -1.0,
                                    1.0
                                ]
                            },
                            {
                                "AttrType": "Drag",
                                "RawValue": "",
                                "Values": []
                            }
                        ]
                    }
                ]
            },
            {
                "VarName": "contrastIntensity",
                "VarType": "Double",
                "Comment": "",
                "AnnoItems": [
                    {
                        "ItemType": "UI",
                        "Attributes": [
                            {
                                "AttrType": "Range",
                                "RawValue": "",
                                "Values": [
                                    -1.0,
                                    1.0
                                ]
                            },
                            {
                                "AttrType": "Drag",
                                "RawValue": "",
                                "Values": []
                            }
                        ]
                    }
                ]
            },
            {
                "VarName": "highlightIntensity",
                "VarType": "Double",
                "Comment": "",
                "AnnoItems": [
                    {
                        "ItemType": "UI",
                        "Attributes": [
                            {
                                "AttrType": "Range",
                                "RawValue": "",
                                "Values": [
                                    -1.0,
                                    1.0
                                ]
                            },
                            {
                                "AttrType": "Drag",
                                "RawValue": "",
                                "Values": []
                            }
                        ]
                    }
                ]
            },
            {
                "VarName": "shadowIntensity",
                "VarType": "Double",
                "Comment": "",
                "AnnoItems": [
                    {
                        "ItemType": "UI",
                        "Attributes": [
                            {
                                "AttrType": "Range",
                                "RawValue": "",
                                "Values": [
                                    -1.0,
                                    1.0
                                ]
                            },
                            {
                                "AttrType": "Drag",
                                "RawValue": "",
                                "Values": []
                            }
                        ]
                    }
                ]
            },
            {
                "VarName": "whiteIntensity",
                "VarType": "Double",
                "Comment": "",
                "AnnoItems": [
                    {
                        "ItemType": "UI",
                        "Attributes": [
                            {
                                "AttrType": "Range",
                                "RawValue": "",
                                "Values": [
                                    -1.0,
                                    1.0
                                ]
                            },
                            {
                                "AttrType": "Drag",
                                "RawValue": "",
                                "Values": []
                            }
                        ]
                    }
                ]
            },
            {
                "VarName": "blackIntensity",
                "VarType": "Double",
                "Comment": "",
                "AnnoItems": [
                    {
                        "ItemType": "UI",
                        "Attributes": [
                            {
                                "AttrType": "Range",
                                "RawValue": "",
                                "Values": [
                                    -1.0,
                                    1.0
                                ]
                            },
                            {
                                "AttrType": "Drag",
                                "RawValue": "",
                                "Values": []
                            }
                        ]
                    }
                ]
            },
            {
                "VarName": "colorCorrection",
                "VarType": "Bool",
                "Comment": ""
            }
        ],
        "Methods": [
            {
                "FuncName": "new",
                "Params": [],
                "Comment": ""
            },
            {
                "FuncName": "computeTemperatureTintVec3",
                "Params": [],
                "Comment": ""
            },
            {
                "FuncName": "computeTemperatureTintMat3",
                "Params": [],
                "Comment": ""
            },
            {
                "FuncName": "constructor",
                "Params": [],
                "Comment": ""
            },
            {
                "FuncName": "onStart",
                "Params": [],
                "Comment": ""
            },
            {
                "FuncName": "onUpdate",
                "Params": [],
                "Comment": ""
            },
            {
                "FuncName": "onEvent",
                "Params": [],
                "Comment": ""
            }
        ],
        "Comment": "",
        "ExportFiles": []
    }
]