[{"ClassName": "graphBuild", "Super": "ScriptComponent", "FilePath": "lua/graphBuild.lua", "FileAbsPath": "/Users/junshengwu/Downloads/bd7c6200c65eb6b8f4d6b0c6d2e968f8/AmazingFeature/lua/graphBuild.lua", "Properties": [{"VarName": "inputTexture", "VarType": "Texture", "Comment": "", "AnnoItems": [{"ItemType": "UI", "Attributes": [{"AttrType": "Type", "RawValue": "", "Values": ["Texture"]}]}]}, {"VarName": "curTime", "VarType": "Double", "Comment": "", "AnnoItems": [{"ItemType": "UI", "Attributes": [{"AttrType": "Range", "RawValue": "", "Values": [0.0, 3.0]}, {"AttrType": "Slider", "RawValue": "", "Values": []}]}]}, {"VarName": "sharpness", "VarType": "Double", "Comment": "", "AnnoItems": [{"ItemType": "UI", "Attributes": [{"AttrType": "Range", "RawValue": "", "Values": [0.0, 1.0]}, {"AttrType": "Slider", "RawValue": "", "Values": []}]}]}], "Methods": [{"FuncName": "new", "Params": [], "Comment": ""}, {"FuncName": "init", "Params": [], "Comment": ""}, {"FuncName": "onStart", "Params": [], "Comment": ""}, {"FuncName": "onUpdate", "Params": [], "Comment": ""}, {"FuncName": "onEvent", "Params": [], "Comment": ""}], "Comment": "", "ExportFiles": ["prefabs"]}]