{
    "setting":{
        "effect_adjust_params":[
            {
                "effect_key":"effects_adjust_intensity",
                "default":0.9,
                "max":1.0,
                "min":0.0
            },
            {
                "effect_key":"effects_colormigration_target_path",
                "default":0.85,
                "max":1.0,
                "min":0.0
            },
            {
                "effect_key":"effects_colormigration_source_path",
                "default":0.85,
                "max":1.0,
                "min":0.0
            },
            {
                "effect_key":"effects_colormigration_reset",
                "default":0.85,
                "max":1.0,
                "min":0.0
            }
        ]
    }
}