{
	"version":	"1.0",
	"mode":	2,
	"name":	"AlgorithmGraph_detailLevel",
	"model_names":	{
		"alg_model":	["tt_face", "tt_face_extra", "tt_hair", "tt_skin_seg"]
	},
	"nodes":	[{
			"name":	"blit_0",
			"type":	"blit",
			"config":	{
				"size":	{
					"width":	240,
					"height":	467
				},
				"keyMaps":	{
					"intParam":	{
					},
					"floatParam":	{
					},
					"stringParam":	{
					},
					"pathParam":	{
					}
				}
			}
		}, {
			"name":	"face_0",
			"type":	"face",
			"config":	{
				"keyMaps":	{
					"intParam":	{
						"face_detect_ability":	3841,
						"face_max_num":	10,
						"face_force_detect":	1
					},
					"floatParam":	{
					},
					"stringParam":	{
						"face_base_model_key":	"tt_face"
					},
					"pathParam":	{
					}
				}
			}
		}, {
			"name":	"hair_0",
			"type":	"hair",
			"config":	{
				"keyMaps":	{
					"intParam":	{
					},
					"floatParam":	{
					},
					"stringParam":	{
					},
					"pathParam":	{
					}
				}
			}
		}, {
			"name":	"skin_seg_0",
			"type":	"skin_seg",
			"config":	{
				"keyMaps":	{
					"intParam":	{
						"base_image_mode":	1
					},
					"floatParam":	{
					},
					"stringParam":	{
						"skin_seg_model_key":	"tt_skin_seg"
					},
					"pathParam":	{
					}
				}
			}
		}],
	"links":	[{
			"fromNode":	"blit_0",
			"fromIndex":	0,
			"toNode":	"face_0",
			"toIndex":	0
		}, {
			"fromNode":	"blit_0",
			"fromIndex":	0,
			"toNode":	"hair_0",
			"toIndex":	0
		}, {
			"fromNode":	"blit_0",
			"fromIndex":	0,
			"toNode":	"skin_seg_0",
			"toIndex":	0
		}, {
			"fromNode":	"face_0",
			"fromIndex":	0,
			"toNode":	"skin_seg_0",
			"toIndex":	1
		}]
}